,iata_code,type,name,lat,lon,elevation_ft,iso_region,municipality,icao_code,home_link,wikipedia_link
0,ABQ,large_airport,Albuquerque International Sunport Airport,35.040199,-106.609001,5355.0,US-NM,Albuquerque,KABQ,http://www.abqsunport.com/,http://en.wikipedia.org/wiki/Albuquerque_International_Sunport
3,AGS,large_airport,Augusta Regional At Bush Field,33.36989974975586,-81.9645004272461,144.0,US-GA,Augusta,KAGS,,http://en.wikipedia.org/wiki/Augusta_Regional_Airport
4,AMA,large_airport,Rick Husband Amarillo International Airport,35.219398,-101.706001,3607.0,US-TX,Amarillo,KAMA,http://airport.amarillo.gov/,http://en.wikipedia.org/wiki/Rick_Husband_Amarillo_International_Airport
5,ATL,large_airport,Hartsfield Jackson Atlanta International Airport,33.63669967651367,-84.4281005859375,1026.0,US-GA,Atlanta,KATL,http://www.atlanta-airport.com/,http://en.wikipedia.org/wiki/Hartsfield-Jackson_Atlanta_International_Airport
6,AUS,large_airport,Austin Bergstrom International Airport,30.194499969482425,-97.6698989868164,542.0,US-TX,Austin,KAUS,http://www.ci.austin.tx.us/austinairport/,http://en.wikipedia.org/wiki/Austin-Bergstrom_International_Airport
7,AVL,large_airport,Asheville Regional Airport,35.43619918823242,-82.54180145263672,2165.0,US-NC,Asheville,KAVL,,http://en.wikipedia.org/wiki/Asheville_Regional_Airport
10,BDL,large_airport,Bradley International Airport,41.9388999939,-72.68319702149999,173.0,US-CT,Hartford,KBDL,http://www.bradleyairport.com/,http://en.wikipedia.org/wiki/Bradley_International_Airport
12,BGR,large_airport,Bangor International Airport,44.80739974975586,-68.82810211181639,192.0,US-ME,Bangor,KBGR,,http://en.wikipedia.org/wiki/Bangor_International_Airport
13,BHM,large_airport,Birmingham-Shuttlesworth International Airport,33.56290054,-86.75350189,650.0,US-AL,Birmingham,KBHM,http://www.flybirmingham.com/,http://en.wikipedia.org/wiki/Birmingham_International_Airport_(US)
14,BIL,large_airport,Billings Logan International Airport,45.807701110839844,-108.54299926757812,3652.0,US-MT,Billings,KBIL,,http://en.wikipedia.org/wiki/Billings_Logan_International_Airport
16,BMI,large_airport,Central Illinois Regional Airport at Bloomington-Normal,40.47710037,-88.91590118,871.0,US-IL,Bloomington/Normal,KBMI,,http://en.wikipedia.org/wiki/Central_Illinois_Regional_Airport
17,BNA,large_airport,Nashville International Airport,36.1245002746582,-86.6781997680664,599.0,US-TN,Nashville,KBNA,,http://en.wikipedia.org/wiki/Nashville_International_Airport
18,BOI,large_airport,Boise Air Terminal/Gowen field,43.56439972,-116.2229996,2871.0,US-ID,Boise,KBOI,http://www.cityofboise.org/departments/airport/,http://en.wikipedia.org/wiki/Boise_Airport
19,BOS,large_airport,General Edward Lawrence Logan International Airport,42.36429977,-71.00520325,20.0,US-MA,Boston,KBOS,http://www.massport.com/logan/,http://en.wikipedia.org/wiki/Logan_International_Airport
20,BTR,large_airport,"Baton Rouge Metropolitan, Ryan Field",30.53319931,-91.14959717,70.0,US-LA,Baton Rouge,KBTR,,http://en.wikipedia.org/wiki/Baton_Rouge_Metropolitan_Airport
21,BUF,large_airport,Buffalo Niagara International Airport,42.94049835,-78.73220062,728.0,US-NY,Buffalo,KBUF,,http://en.wikipedia.org/wiki/Buffalo_Niagara_International_Airport
22,BWI,large_airport,Baltimore/Washington International Thurgood Marshall Airport,39.17539978,-76.66829681,146.0,US-MD,Baltimore,KBWI,,http://en.wikipedia.org/wiki/Baltimore-Washington_International_Thurgood_Marshall_Airport
23,CAE,large_airport,Columbia Metropolitan Airport,33.93880081176758,-81.11949920654297,236.0,US-SC,Columbia,KCAE,,http://en.wikipedia.org/wiki/Columbia_Metropolitan_Airport
25,CHA,large_airport,Lovell Field,35.03530120849609,-85.20379638671875,683.0,US-TN,Chattanooga,KCHA,,http://en.wikipedia.org/wiki/Chattanooga_Metropolitan_Airport
26,CHS,large_airport,Charleston Air Force Base-International Airport,32.89860153,-80.04049683,46.0,US-SC,Charleston,KCHS,,http://en.wikipedia.org/wiki/Charleston_International_Airport
27,CID,large_airport,The Eastern Iowa Airport,41.88470077514648,-91.71080017089844,869.0,US-IA,Cedar Rapids,KCID,,http://en.wikipedia.org/wiki/The_Eastern_Iowa_Airport
28,CLE,large_airport,Cleveland Hopkins International Airport,41.411701202399996,-81.8498001099,791.0,US-OH,Cleveland,KCLE,http://www.clevelandairport.com/,http://en.wikipedia.org/wiki/Cleveland_Hopkins_International_Airport
29,CLT,large_airport,Charlotte Douglas International Airport,35.2140007019043,-80.94309997558594,748.0,US-NC,Charlotte,KCLT,http://www.charlotteairport.com/,http://en.wikipedia.org/wiki/Charlotte/Douglas_International_Airport
30,CMH,large_airport,Port Columbus International Airport,39.99800109863281,-82.89189910888672,815.0,US-OH,Columbus,KCMH,,http://en.wikipedia.org/wiki/Port_Columbus_International_Airport
31,COS,large_airport,City of Colorado Springs Municipal Airport,38.805801391602,-104.70099639893,6187.0,US-CO,Colorado Springs,KCOS,https://flycos.coloradosprings.gov/,http://en.wikipedia.org/wiki/Colorado_Springs_Airport
32,CPR,large_airport,Casper-Natrona County International Airport,42.90800095,-106.4639969,5350.0,US-WY,Casper,KCPR,,http://en.wikipedia.org/wiki/Natrona_County_International_Airport
33,CRP,large_airport,Corpus Christi International Airport,27.77039909362793,-97.5011978149414,44.0,US-TX,Corpus Christi,KCRP,,http://en.wikipedia.org/wiki/Corpus_Christi_International_Airport
34,CRW,large_airport,Yeager Airport,38.37310028076172,-81.59320068359375,981.0,US-WV,Charleston,KCRW,,http://en.wikipedia.org/wiki/Yeager_Airport
35,CVG,large_airport,Cincinnati Northern Kentucky International Airport,39.0488014221,-84.6678009033,896.0,US-KY,Cincinnati,KCVG,,http://en.wikipedia.org/wiki/Cincinnati/Northern_Kentucky_International_Airport
37,DAB,large_airport,Daytona Beach International Airport,29.179899,-81.058098,34.0,US-FL,Daytona Beach,KDAB,,http://en.wikipedia.org/wiki/Daytona_Beach_International_Airport
38,DAL,large_airport,Dallas Love Field,32.847099,-96.851799,487.0,US-TX,Dallas,KDAL,http://www.dallas-lovefield.com/,http://en.wikipedia.org/wiki/Dallas_Love_Field
39,DAY,large_airport,James M Cox Dayton International Airport,39.90240097045898,-84.21939849853516,1009.0,US-OH,Dayton,KDAY,,http://en.wikipedia.org/wiki/Dayton_International_Airport
41,DCA,large_airport,Ronald Reagan Washington National Airport,38.8521,-77.037697,15.0,US-DC,Washington,KDCA,http://www.flyreagan.com/dca/reagan-national-airport,http://en.wikipedia.org/wiki/Ronald_Reagan_Washington_National_Airport
42,DEN,large_airport,Denver International Airport,39.861698150635,-104.672996521,5431.0,US-CO,Denver,KDEN,http://www.flydenver.com/,http://en.wikipedia.org/wiki/Denver_International_Airport
43,DFW,large_airport,Dallas Fort Worth International Airport,32.896800994873054,-97.03800201416016,607.0,US-TX,Dallas-Fort Worth,KDFW,http://www.dfwairport.com/,http://en.wikipedia.org/wiki/Dallas-Fort_Worth_International_Airport
45,DLH,large_airport,Duluth International Airport,46.8420982361,-92.19360351559999,1428.0,US-MN,Duluth,KDLH,http://www.duluthairport.com/,http://en.wikipedia.org/wiki/Duluth_International_Airport
47,DSM,large_airport,Des Moines International Airport,41.53400039672852,-93.66310119628906,958.0,US-IA,Des Moines,KDSM,,http://en.wikipedia.org/wiki/Des_Moines_International_Airport
48,DTW,large_airport,Detroit Metropolitan Wayne County Airport,42.212398529052734,-83.35340118408203,645.0,US-MI,Detroit,KDTW,http://www.metroairport.com/,http://en.wikipedia.org/wiki/Detroit_Metropolitan_Wayne_County_Airport
52,ERI,large_airport,Erie International Tom Ridge Field,42.0831270134,-80.1738667488,732.0,US-PA,Erie,KERI,,http://en.wikipedia.org/wiki/Erie_International_Airport
53,EWR,large_airport,Newark Liberty International Airport,40.69250106811523,-74.168701171875,18.0,US-NJ,Newark,KEWR,http://www.panynj.gov/CommutingTravel/airports/html/newarkliberty.html,http://en.wikipedia.org/wiki/Newark_Liberty_International_Airport
55,FLL,large_airport,Fort Lauderdale Hollywood International Airport,26.072599411010746,-80.15270233154297,9.0,US-FL,Fort Lauderdale,KFLL,http://www.fll.net/,http://en.wikipedia.org/wiki/Fort_Lauderdale-Hollywood_International_Airport
56,FSM,large_airport,Fort Smith Regional Airport,35.33660125732422,-94.36740112304688,469.0,US-AR,Fort Smith,KFSM,,http://en.wikipedia.org/wiki/Fort_Smith_Regional_Airport
58,FWA,large_airport,Fort Wayne International Airport,40.97850037,-85.19509888,814.0,US-IN,Fort Wayne,KFWA,https://fwairport.com/,http://en.wikipedia.org/wiki/Fort_Wayne_International_Airport
59,GEG,large_airport,Spokane International Airport,47.61989974975586,-117.53399658203124,2376.0,US-WA,Spokane,KGEG,,http://en.wikipedia.org/wiki/Spokane_International_Airport
60,GPT,large_airport,Gulfport Biloxi International Airport,30.40730094909668,-89.07009887695312,28.0,US-MS,Gulfport,KGPT,,http://en.wikipedia.org/wiki/Gulfport-Biloxi_International_Airport
61,GRB,large_airport,Austin Straubel International Airport,44.48509979248047,-88.12960052490234,695.0,US-WI,Green Bay,KGRB,,http://en.wikipedia.org/wiki/Austin_Straubel_International_Airport
63,GSO,large_airport,Piedmont Triad International Airport,36.097801208496094,-79.93730163574219,925.0,US-NC,Greensboro,KGSO,,http://en.wikipedia.org/wiki/Piedmont_Triad_International_Airport
64,GSP,large_airport,Greenville Spartanburg International Airport,34.895698547399995,-82.2189025879,964.0,US-SC,Greenville,KGSP,,http://en.wikipedia.org/wiki/Greenville-Spartanburg_International_Airport
66,HIB,large_airport,Range Regional Airport,47.38660049,-92.83899689,1354.0,US-MN,Hibbing,KHIB,,http://en.wikipedia.org/wiki/Range_Regional_Airport
68,HOU,large_airport,William P Hobby Airport,29.64539909,-95.27890015,46.0,US-TX,Houston,KHOU,http://www.fly2houston.com/hobbyHome,http://en.wikipedia.org/wiki/William_P._Hobby_Airport
69,HSV,large_airport,Huntsville International Carl T Jones Field,34.637199401855,-86.775100708008,629.0,US-AL,Huntsville,KHSV,http://www.flyhuntsville.com/portal/#.VbaG-_lVhBc,http://en.wikipedia.org/wiki/Huntsville_International_Airport
71,IAD,large_airport,Washington Dulles International Airport,38.94449997,-77.45580292,312.0,US-DC,Washington,KIAD,http://www.mwaa.com/dulles/,http://en.wikipedia.org/wiki/Washington_Dulles_International_Airport
72,IAH,large_airport,George Bush Intercontinental Houston Airport,29.98439979553223,-95.34140014648438,97.0,US-TX,Houston,KIAH,http://www.fly2houston.com/iah,http://en.wikipedia.org/wiki/George_Bush_Intercontinental_Airport
73,ICT,large_airport,Wichita Mid Continent Airport,37.649898529052734,-97.43309783935548,1333.0,US-KS,Wichita,KICT,,http://en.wikipedia.org/wiki/Kansas_City_International_Airport
74,IND,large_airport,Indianapolis International Airport,39.7173,-86.294403,797.0,US-IN,Indianapolis,KIND,http://www.indianapolisairport.com/,http://en.wikipedia.org/wiki/Indianapolis_International_Airport
75,JAN,large_airport,Jackson-Medgar Wiley Evers International Airport,32.3111991882,-90.0758972168,346.0,US-MS,Jackson,KJAN,,http://en.wikipedia.org/wiki/Jackson-Evers_International_Airport
76,JAX,large_airport,Jacksonville International Airport,30.49410057067871,-81.68789672851562,30.0,US-FL,Jacksonville,KJAX,,http://en.wikipedia.org/wiki/Jacksonville_International_Airport
77,JFK,large_airport,John F Kennedy International Airport,40.63980103,-73.77890015,13.0,US-NY,New York,KJFK,http://www.panynj.gov/CommutingTravel/airports/html/kennedy.html,http://en.wikipedia.org/wiki/John_F._Kennedy_International_Airport
78,JLN,large_airport,Joplin Regional Airport,37.151798248291016,-94.49829864501952,981.0,US-MO,Joplin,KJLN,,http://en.wikipedia.org/wiki/Joplin_Regional_Airport
79,LAS,large_airport,McCarran International Airport,36.08010101,-115.1520004,2181.0,US-NV,Las Vegas,KLAS,http://www.mccarran.com/,http://en.wikipedia.org/wiki/McCarran_International_Airport
80,LAX,large_airport,Los Angeles International Airport,33.94250107,-118.4079971,125.0,US-CA,Los Angeles,KLAX,http://www.iflylax.com/,http://en.wikipedia.org/wiki/Los_Angeles_International_Airport
81,LBB,large_airport,Lubbock Preston Smith International Airport,33.663601,-101.822998,3282.0,US-TX,Lubbock,KLBB,http://www.flylia.com/,http://en.wikipedia.org/wiki/Lubbock_Preston_Smith_International_Airport
83,LEX,large_airport,Blue Grass Airport,38.0364990234375,-84.60590362548828,979.0,US-KY,Lexington,KLEX,http://www.bluegrassairport.com/,http://en.wikipedia.org/wiki/Blue_Grass_Airport
85,LFT,large_airport,Lafayette Regional Airport,30.20529938,-91.98760223,42.0,US-LA,Lafayette,KLFT,http://www.lftairport.com/Home,http://en.wikipedia.org/wiki/Lafayette_Regional_Airport
86,LGA,large_airport,La Guardia Airport,40.77719879,-73.87259674,21.0,US-NY,New York,KLGA,http://www.panynj.gov/CommutingTravel/airports/html/laguardia.html,http://en.wikipedia.org/wiki/LaGuardia_Airport
87,LIT,large_airport,Bill & Hillary Clinton National Airport/Adams Field,34.729400634799994,-92.22429656979999,262.0,US-AR,Little Rock,KLIT,,http://en.wikipedia.org/wiki/Little_Rock_National_Airport
90,MBS,large_airport,MBS International Airport,43.532901763916016,-84.07959747314453,668.0,US-MI,Saginaw,KMBS,http://www.mbsairport.org/,http://en.wikipedia.org/wiki/MBS_International_Airport
92,MCI,large_airport,Kansas City International Airport,39.2976,-94.713898,1026.0,US-MO,Kansas City,KMCI,http://www.flykci.com/,https://en.wikipedia.org/wiki/Kansas_City_International_Airport
93,MCO,large_airport,Orlando International Airport,28.429399490356445,-81.30899810791016,96.0,US-FL,Orlando,KMCO,http://www.orlandoairports.net/,http://en.wikipedia.org/wiki/Orlando_International_Airport
94,MDW,large_airport,Chicago Midway International Airport,41.7859992980957,-87.75240325927734,620.0,US-IL,Chicago,KMDW,http://www.flychicago.com/midway/MidwayHomepage.shtm,http://en.wikipedia.org/wiki/Chicago_Midway_International_Airport
95,MEM,large_airport,Memphis International Airport,35.04240036010742,-89.97669982910156,341.0,US-TN,Memphis,KMEM,,http://en.wikipedia.org/wiki/Memphis_International_Airport
97,MGM,large_airport,Montgomery Regional (Dannelly Field) Airport,32.30059814,-86.39399719,221.0,US-AL,Montgomery,KMGM,http://www.flymgm.com/,http://en.wikipedia.org/wiki/Montgomery_Regional_Airport
98,MHT,large_airport,Manchester Airport,42.93259811401367,-71.43569946289062,266.0,US-NH,Manchester,KMHT,,http://en.wikipedia.org/wiki/Manchester-Boston_Regional_Airport
99,MIA,large_airport,Miami International Airport,25.79319953918457,-80.29060363769531,8.0,US-FL,Miami,KMIA,http://www.miami-airport.com/,http://en.wikipedia.org/wiki/Miami_International_Airport
100,MKE,large_airport,General Mitchell International Airport,42.94720077514648,-87.89659881591797,723.0,US-WI,Milwaukee,KMKE,,http://en.wikipedia.org/wiki/General_Mitchell_International_Airport
101,MLI,large_airport,Quad City International Airport,41.44850158691406,-90.50749969482422,590.0,US-IL,Moline,KMLI,,http://en.wikipedia.org/wiki/Quad_City_International_Airport
102,MLU,large_airport,Monroe Regional Airport,32.51089859008789,-92.0376968383789,79.0,US-LA,Monroe,KMLU,,http://en.wikipedia.org/wiki/Monroe_Regional_Airport
103,MOB,large_airport,Mobile Regional Airport,30.691200256348,-88.242797851562,219.0,US-AL,Mobile,KMOB,http://www.mobairport.com/,http://en.wikipedia.org/wiki/Mobile_Regional_Airport
104,MSN,large_airport,Dane County Regional Truax Field,43.13990020751953,-89.3375015258789,887.0,US-WI,Madison,KMSN,,http://en.wikipedia.org/wiki/Dane_County_Regional_Airport
105,MSP,large_airport,Minneapolis-St Paul International/Wold-Chamberlain Airport,44.8819999695,-93.22180175780001,841.0,US-MN,Minneapolis,KMSP,http://www.mspairport.com/,http://en.wikipedia.org/wiki/Minneapolis-Saint_Paul_International_Airport
106,MSY,large_airport,Louis Armstrong New Orleans International Airport,29.99340057373047,-90.25800323486328,4.0,US-LA,New Orleans,KMSY,,http://en.wikipedia.org/wiki/Louis_Armstrong_New_Orleans_International_Airport
108,OAK,large_airport,Metropolitan Oakland International Airport,37.721298,-122.221001,9.0,US-CA,Oakland,KOAK,http://www.oaklandairport.com/,http://en.wikipedia.org/wiki/Oakland_International_Airport
109,OKC,large_airport,Will Rogers World Airport,35.39310073852539,-97.60070037841795,1295.0,US-OK,Oklahoma City,KOKC,,http://en.wikipedia.org/wiki/Will_Rogers_World_Airport
110,ONT,large_airport,Ontario International Airport,34.05599975585937,-117.60099792480469,944.0,US-CA,Ontario,KONT,,http://en.wikipedia.org/wiki/LA/Ontario_International_Airport
111,ORD,large_airport,Chicago O'Hare International Airport,41.97859955,-87.90480042,672.0,US-IL,Chicago,KORD,http://www.flychicago.com/ohare/en/home/Pages/default.aspx,http://en.wikipedia.org/wiki/O'Hare_International_Airport
112,ORF,large_airport,Norfolk International Airport,36.89459991455078,-76.20120239257812,26.0,US-VA,Norfolk,KORF,,http://en.wikipedia.org/wiki/Norfolk_International_Airport
114,PBI,large_airport,Palm Beach International Airport,26.68320083618164,-80.09559631347656,19.0,US-FL,West Palm Beach,KPBI,,http://en.wikipedia.org/wiki/Palm_Beach_International_Airport
115,PDX,large_airport,Portland International Airport,45.58869934,-122.5979996,31.0,US-OR,Portland,KPDX,,http://en.wikipedia.org/wiki/Portland_International_Airport
116,PHF,large_airport,Newport News Williamsburg International Airport,37.13190079,-76.49299622,42.0,US-VA,Newport News,KPHF,,http://en.wikipedia.org/wiki/Newport_News/Williamsburg_International_Airport
117,PHL,large_airport,Philadelphia International Airport,39.87189865112305,-75.24109649658203,36.0,US-PA,Philadelphia,KPHL,http://www.phl.org/,http://en.wikipedia.org/wiki/Philadelphia_International_Airport
118,PHX,large_airport,Phoenix Sky Harbor International Airport,33.43429946899414,-112.01200103759766,1135.0,US-AZ,Phoenix,KPHX,http://phoenix.gov/skyharborairport/,http://en.wikipedia.org/wiki/Phoenix_Sky_Harbor_International_Airport
119,PIA,large_airport,General Wayne A. Downing Peoria International Airport,40.664199829100006,-89.6932983398,660.0,US-IL,Peoria,KPIA,,http://en.wikipedia.org/wiki/General_Wayne_A._Downing_Peoria_International_Airport
120,PIT,large_airport,Pittsburgh International Airport,40.49150085,-80.23290253,1203.0,US-PA,Pittsburgh,KPIT,,http://en.wikipedia.org/wiki/Pittsburgh_International_Airport
121,PWM,large_airport,Portland International Jetport Airport,43.64619827,-70.30930328,76.0,US-ME,Portland,KPWM,,http://en.wikipedia.org/wiki/Portland_International_Jetport
122,RDU,large_airport,Raleigh Durham International Airport,35.877601623535156,-78.7874984741211,435.0,US-NC,Raleigh/Durham,KRDU,,http://en.wikipedia.org/wiki/Raleigh-Durham_International_Airport
124,RIC,large_airport,Richmond International Airport,37.50519943237305,-77.3197021484375,167.0,US-VA,Richmond,KRIC,,http://en.wikipedia.org/wiki/Richmond_International_Airport
126,RNO,large_airport,Reno Tahoe International Airport,39.49909973144531,-119.76799774169922,4415.0,US-NV,Reno,KRNO,,http://en.wikipedia.org/wiki/Reno-Tahoe_International_Airport
127,ROA,large_airport,Roanoke–Blacksburg Regional Airport,37.3255,-79.975403,1175.0,US-VA,Roanoke,KROA,http://www.roanokeairport.com/,http://en.wikipedia.org/wiki/Roanoke%E2%80%93Blacksburg_Regional_Airport
128,ROC,large_airport,Greater Rochester International Airport,43.118900299072266,-77.67240142822266,559.0,US-NY,Rochester,KROC,,http://en.wikipedia.org/wiki/Greater_Rochester_International_Airport
129,RST,large_airport,Rochester International Airport,43.90829849243164,-92.5,1317.0,US-MN,Rochester,KRST,,http://en.wikipedia.org/wiki/Rochester_International_Airport
130,RSW,large_airport,Southwest Florida International Airport,26.53619956970215,-81.75520324707031,30.0,US-FL,Fort Myers,KRSW,http://www.flylcpa.com/,http://en.wikipedia.org/wiki/Southwest_Florida_International_Airport
131,SAN,large_airport,San Diego International Airport,32.7336006165,-117.190002441,17.0,US-CA,San Diego,KSAN,http://www.san.org/,http://en.wikipedia.org/wiki/San_Diego_International_Airport
132,SAT,large_airport,San Antonio International Airport,29.533700942993164,-98.46980285644531,809.0,US-TX,San Antonio,KSAT,,http://en.wikipedia.org/wiki/San_Antonio_International_Airport
133,SAV,large_airport,Savannah Hilton Head International Airport,32.12760162,-81.20210266,50.0,US-GA,Savannah,KSAV,,http://en.wikipedia.org/wiki/Savannah/Hilton_Head_International_Airport
134,SBN,large_airport,South Bend Regional Airport,41.70869827270508,-86.31729888916016,799.0,US-IN,South Bend,KSBN,,http://en.wikipedia.org/wiki/South_Bend_Regional_Airport
135,SDF,large_airport,Louisville International Standiford Field,38.1744,-85.736,501.0,US-KY,Louisville,KSDF,http://www.flylouisville.com,http://en.wikipedia.org/wiki/Louisville_International_Airport
136,SEA,large_airport,Seattle Tacoma International Airport,47.44900131225586,-122.30899810791016,433.0,US-WA,Seattle,KSEA,http://www.portseattle.org/seatac/,http://en.wikipedia.org/wiki/Seattle-Tacoma_International_Airport
138,SFO,large_airport,San Francisco International Airport,37.61899948120117,-122.375,13.0,US-CA,San Francisco,KSFO,http://www.flysfo.com/,http://en.wikipedia.org/wiki/San_Francisco_International_Airport
139,SGF,large_airport,Springfield Branson National Airport,37.24570084,-93.38860321,1268.0,US-MO,Springfield,KSGF,,http://en.wikipedia.org/wiki/Springfield/Branson_National_Airport
140,SHV,large_airport,Shreveport Regional Airport,32.44660186767578,-93.82559967041016,258.0,US-LA,Shreveport,KSHV,,http://en.wikipedia.org/wiki/Shreveport_Regional_Airport
141,SJC,large_airport,Norman Y. Mineta San Jose International Airport,37.362598,-121.929001,62.0,US-CA,San Jose,KSJC,http://www.flysanjose.com/,http://en.wikipedia.org/wiki/San_Jose_International_Airport
143,SLC,large_airport,Salt Lake City International Airport,40.78839874267578,-111.97799682617188,4227.0,US-UT,Salt Lake City,KSLC,,http://en.wikipedia.org/wiki/Salt_Lake_City_International_Airport
144,SMF,large_airport,Sacramento International Airport,38.69540023803711,-121.59100341796876,27.0,US-CA,Sacramento,KSMF,,http://en.wikipedia.org/wiki/Sacramento_International_Airport
145,SNA,large_airport,John Wayne Airport-Orange County Airport,33.67570114,-117.8679962,56.0,US-CA,Santa Ana,KSNA,http://www.ocair.com/,http://en.wikipedia.org/wiki/John_Wayne_Airport
146,SPI,large_airport,Abraham Lincoln Capital Airport,39.84410095,-89.67790222,598.0,US-IL,Springfield,KSPI,,http://en.wikipedia.org/wiki/Abraham_Lincoln_Capital_Airport
147,SPS,large_airport,Sheppard Air Force Base-Wichita Falls Municipal Airport,33.9888,-98.491898,1019.0,US-TX,Wichita Falls,KSPS,http://www.flywichitafalls.net/,http://en.wikipedia.org/wiki/Wichita_Falls_Municipal_Airport
148,SRQ,large_airport,Sarasota Bradenton International Airport,27.39539909362793,-82.55439758300781,30.0,US-FL,Sarasota/Bradenton,KSRQ,,http://en.wikipedia.org/wiki/Sarasota-Bradenton_International_Airport
150,STL,large_airport,St Louis Lambert International Airport,38.748697,-90.370003,618.0,US-MO,St Louis,KSTL,http://www.lambert-stlouis.com/,http://en.wikipedia.org/wiki/Lambert-St._Louis_International_Airport
154,SYR,large_airport,Syracuse Hancock International Airport,43.11119842529297,-76.1063003540039,421.0,US-NY,Syracuse,KSYR,http://www.syrairport.org/,http://en.wikipedia.org/wiki/Syracuse_Hancock_International_Airport
158,TLH,large_airport,Tallahassee Regional Airport,30.396499633789066,-84.35030364990234,81.0,US-FL,Tallahassee,KTLH,,http://en.wikipedia.org/wiki/Tallahassee_Regional_Airport
160,TPA,large_airport,Tampa International Airport,27.975500106811523,-82.533203125,26.0,US-FL,Tampa,KTPA,,http://en.wikipedia.org/wiki/Tampa_International_Airport
161,TRI,large_airport,Tri-Cities Regional TN/VA Airport,36.475201,-82.40740100000002,1519.0,US-TN,Bristol/Johnson/Kingsport,KTRI,,http://en.wikipedia.org/wiki/Tri-Cities_Regional_Airport
162,TUL,large_airport,Tulsa International Airport,36.19839859008789,-95.88809967041016,677.0,US-OK,Tulsa,KTUL,,http://en.wikipedia.org/wiki/Tulsa_International_Airport
163,TUS,large_airport,Tucson International Airport,32.116100311279304,-110.94100189208984,2643.0,US-AZ,Tucson,KTUS,,http://en.wikipedia.org/wiki/Tucson_International_Airport
164,TYS,large_airport,McGhee Tyson Airport,35.81100082,-83.99400329999997,981.0,US-TN,Knoxville,KTYS,,http://en.wikipedia.org/wiki/McGhee_Tyson_Airport
166,VPS,large_airport,Destin-Ft Walton Beach Airport,30.4832,-86.525398,87.0,US-FL,Valparaiso,KVPS,http://www.flyvps.com/,https://en.wikipedia.org/wiki/Destin%E2%80%93Fort_Walton_Beach_Airport
168,FAI,large_airport,Fairbanks International Airport,64.81510162,-147.85600280000003,439.0,US-AK,Fairbanks,PAFA,,http://en.wikipedia.org/wiki/Fairbanks_International_Airport
169,ANC,large_airport,Ted Stevens Anchorage International Airport,61.174400329589844,-149.99600219726562,152.0,US-AK,Anchorage,PANC,,http://en.wikipedia.org/wiki/Ted_Stevens_Anchorage_International_Airport
170,PHL,large_airport,Philadelphia International Airpor,0.0,0.0,,US-PA,,,,
171,HNL,large_airport,Daniel K Inouye International Airport,21.32062,-157.924228,13.0,US-HI,Honolulu,PHNL,http://hawaii.gov/dot/airports/hnl/,http://en.wikipedia.org/wiki/Honolulu_International_Airport
173,ABE,medium_airport,Lehigh Valley International Airport,40.652099609375,-75.44080352783203,393.0,US-PA,Allentown,KABE,,http://en.wikipedia.org/wiki/Lehigh_Valley_International_Airport
174,ABI,medium_airport,Abilene Regional Airport,32.4113006592,-99.68190002440001,1791.0,US-TX,Abilene,KABI,,http://en.wikipedia.org/wiki/Abilene_Regional_Airport
175,ABR,medium_airport,Aberdeen Regional Airport,45.44910049438477,-98.42179870605469,1302.0,US-SD,Aberdeen,KABR,,http://en.wikipedia.org/wiki/Aberdeen_Regional_Airport
176,ABY,medium_airport,Southwest Georgia Regional Airport,31.535499572753906,-84.19450378417969,197.0,US-GA,Albany,KABY,,http://en.wikipedia.org/wiki/Southwest_Georgia_Regional_Airport
177,ACK,medium_airport,Nantucket Memorial Airport,41.25310135,-70.06020355,47.0,US-MA,Nantucket,KACK,,http://en.wikipedia.org/wiki/Nantucket_Memorial_Airport
178,ACT,medium_airport,Waco Regional Airport,31.61129951477051,-97.23049926757812,516.0,US-TX,Waco,KACT,,http://en.wikipedia.org/wiki/Waco_Regional_Airport
179,ACV,medium_airport,Arcata Airport,40.97809982299805,-124.10900115966795,221.0,US-CA,Arcata/Eureka,KACV,,http://en.wikipedia.org/wiki/Arcata-Eureka_Airport
180,ACY,medium_airport,Atlantic City International Airport,39.45759963989258,-74.57720184326172,75.0,US-NJ,Atlantic City,KACY,,http://en.wikipedia.org/wiki/Atlantic_City_International_Airport
181,AEX,medium_airport,Alexandria International Airport,31.32740020751953,-92.54979705810548,89.0,US-LA,Alexandria,KAEX,,http://en.wikipedia.org/wiki/Alexandria_International_Airport
185,ALB,medium_airport,Albany International Airport,42.74829864501953,-73.80169677734375,285.0,US-NY,Albany,KALB,http://www.albanyairport.com/,http://en.wikipedia.org/wiki/Albany_International_Airport
198,APN,medium_airport,Alpena County Regional Airport,45.07809829999999,-83.56030273,690.0,US-MI,Alpena,KAPN,,http://en.wikipedia.org/wiki/Alpena_County_Regional_Airport
201,ASE,medium_airport,Aspen-Pitkin Co/Sardy Field,39.22320175,-106.8690033,7820.0,US-CO,Aspen,KASE,http://aspenairport.com/,http://en.wikipedia.org/wiki/Aspen%E2%80%93Pitkin_County_Airport
206,AVP,medium_airport,Wilkes Barre Scranton International Airport,41.338500976599995,-75.72339630130001,962.0,US-PA,Wilkes-Barre/Scranton,KAVP,http://www.flyavp.com/,http://en.wikipedia.org/wiki/Wilkes-Barre/Scranton_International_Airport
208,AZO,medium_airport,Kalamazoo Battle Creek International Airport,42.234901428222656,-85.5521011352539,874.0,US-MI,Kalamazoo,KAZO,,http://en.wikipedia.org/wiki/Kalamazoo-Battle_Creek_International_Airport
218,BFL,medium_airport,Meadows Field,35.43360138,-119.0569992,510.0,US-CA,Bakersfield,KBFL,,http://en.wikipedia.org/wiki/Meadows_Field_Airport
220,BGM,medium_airport,Greater Binghamton/Edwin A Link field,42.20869827,-75.97979736,1636.0,US-NY,Binghamton,KBGM,http://binghamtonairport.com/,http://en.wikipedia.org/wiki/Greater_Binghamton_Airport
224,BIS,medium_airport,Bismarck Municipal Airport,46.77270126342773,-100.74600219726562,1661.0,US-ND,Bismarck,KBIS,http://bismarckairport.com/,http://en.wikipedia.org/wiki/Bismarck_Municipal_Airport
227,BJI,medium_airport,Bemidji Regional Airport,47.50939941,-94.93370056,1391.0,US-MN,Bemidji,KBJI,http://www.bemidjiairport.org/,http://en.wikipedia.org/wiki/Bemidji_Regional_Airport
234,BLI,medium_airport,Bellingham International Airport,48.79280090332031,-122.53800201416016,170.0,US-WA,Bellingham,KBLI,,http://en.wikipedia.org/wiki/Bellingham_International_Airport
239,BPT,medium_airport,Southeast Texas Regional Airport,29.9507999420166,-94.02069854736328,15.0,US-TX,Beaumont/Port Arthur,KBPT,,http://en.wikipedia.org/wiki/Southeast_Texas_Regional_Airport
240,BQK,medium_airport,Brunswick Golden Isles Airport,31.2588005065918,-81.46649932861328,26.0,US-GA,Brunswick,KBQK,,http://en.wikipedia.org/wiki/Brunswick_Golden_Isles_Airport
241,BRD,medium_airport,Brainerd Lakes Regional Airport,46.39830017,-94.13809967,1232.0,US-MN,Brainerd,KBRD,http://brainerdairport.com/,http://en.wikipedia.org/wiki/Brainerd_Lakes_Regional_Airport
243,BRO,medium_airport,Brownsville South Padre Island International Airport,25.90679931640625,-97.4259033203125,22.0,US-TX,Brownsville,KBRO,,http://en.wikipedia.org/wiki/Brownsville/South_Padre_Island_International_Airport
245,BTM,medium_airport,Bert Mooney Airport,45.95479965209961,-112.49700164794922,5550.0,US-MT,Butte,KBTM,,http://en.wikipedia.org/wiki/Bert_Mooney_Airport
246,BTV,medium_airport,Burlington International Airport,44.471900939899996,-73.15329742429998,335.0,US-VT,Burlington,KBTV,http://www.vermontairports.com/btv.html,http://en.wikipedia.org/wiki/Burlington_International_Airport
247,BUR,medium_airport,Bob Hope Airport,34.200698852539055,-118.35900115966795,778.0,US-CA,Burbank,KBUR,,
254,BZN,medium_airport,Gallatin Field,45.77750015,-111.1529999,4473.0,US-MT,Bozeman,KBZN,,http://en.wikipedia.org/wiki/Gallatin_Field_Airport
255,CAK,medium_airport,Akron Canton Regional Airport,40.916099548339844,-81.44219970703125,1228.0,US-OH,Akron,KCAK,,http://en.wikipedia.org/wiki/Akron-Canton_Regional_Airport
258,CDC,medium_airport,Cedar City Regional Airport,37.70100021362305,-113.0989990234375,5622.0,US-UT,Cedar City,KCDC,,http://en.wikipedia.org/wiki/Cedar_City_Regional_Airport
266,CHO,medium_airport,Charlottesville Albemarle Airport,38.13859939575195,-78.4529037475586,639.0,US-VA,Charlottesville,KCHO,,http://en.wikipedia.org/wiki/Charlottesville-Albemarle_Airport
267,CIU,medium_airport,Chippewa County International Airport,46.25080108642578,-84.47239685058594,800.0,US-MI,Sault Ste Marie,KCIU,,http://en.wikipedia.org/wiki/Chippewa_County_International_Airport
269,CLL,medium_airport,Easterwood Field,30.58860016,-96.36380005,320.0,US-TX,College Station,KCLL,,http://en.wikipedia.org/wiki/Easterwood_Airport
272,CMX,medium_airport,Houghton County Memorial Airport,47.16839981079102,-88.48909759521484,1095.0,US-MI,Hancock,KCMX,,http://en.wikipedia.org/wiki/Houghton_County_Memorial_Airport
275,COD,medium_airport,Yellowstone Regional Airport,44.520198822,-109.024002075,5102.0,US-WY,Cody,KCOD,http://www.flyyra.com/,http://en.wikipedia.org/wiki/Yellowstone_Regional_Airport
283,CSG,medium_airport,Columbus Metropolitan Airport,32.516300201416016,-84.93890380859375,397.0,US-GA,Columbus,KCSG,,http://en.wikipedia.org/wiki/Columbus_Metropolitan_Airport
288,CWA,medium_airport,Central Wisconsin Airport,44.7775993347,-89.6668014526,1277.0,US-WI,Mosinee,KCWA,,
297,DHN,medium_airport,Dothan Regional Airport,31.3213005065918,-85.44960021972656,401.0,US-AL,Dothan,KDHN,,http://en.wikipedia.org/wiki/Dothan_Regional_Airport
311,EAU,medium_airport,Chippewa Valley Regional Airport,44.86579895019531,-91.48429870605469,913.0,US-WI,Eau Claire,KEAU,,http://en.wikipedia.org/wiki/Chippewa_Valley_Regional_Airport
313,ECP,medium_airport,Northwest Florida Beaches International Airport,30.357106,-85.79541400000002,69.0,US-FL,Panama City Beach,KECP,http://iflybeaches.com,http://en.wikipedia.org/wiki/Northwest_Florida_Beaches_International_Airport
317,EGE,medium_airport,Eagle County Regional Airport,39.64260101,-106.9179993,6548.0,US-CO,Eagle,KEGE,http://www.eaglecounty.us/airport/,http://en.wikipedia.org/wiki/Eagle_County_Regional_Airport
321,EKO,medium_airport,Elko Regional Airport,40.82490158081055,-115.79199981689452,5140.0,US-NV,Elko,KEKO,,http://en.wikipedia.org/wiki/Elko_Regional_Airport
323,ELM,medium_airport,Elmira Corning Regional Airport,42.1599006652832,-76.8916015625,954.0,US-NY,Elmira/Corning,KELM,,http://en.wikipedia.org/wiki/Elmira-Corning_Regional_Airport
325,ELP,medium_airport,El Paso International Airport,31.80719948,-106.37799840000002,3959.0,US-TX,El Paso,KELP,,http://en.wikipedia.org/wiki/El_Paso_International_Airport
330,EUG,medium_airport,Mahlon Sweet Field,44.12459945678711,-123.21199798583984,374.0,US-OR,Eugene,KEUG,,http://en.wikipedia.org/wiki/Eugene_Airport
331,EVV,medium_airport,Evansville Regional Airport,38.0369987488,-87.53240203860001,418.0,US-IN,Evansville,KEVV,,http://en.wikipedia.org/wiki/Evansville_Regional_Airport
334,EWN,medium_airport,Coastal Carolina Regional Airport,35.0730018616,-77.04290008539998,18.0,US-NC,New Bern,KEWN,,http://en.wikipedia.org/wiki/Craven_County_Regional_Airport
335,EYW,medium_airport,Key West International Airport,24.556100845336914,-81.75959777832031,3.0,US-FL,Key West,KEYW,,http://en.wikipedia.org/wiki/Key_West_International_Airport
337,FAR,medium_airport,Hector International Airport,46.92070007324219,-96.81580352783205,902.0,US-ND,Fargo,KFAR,http://www.fargoairport.com/,http://en.wikipedia.org/wiki/Hector_International_Airport
338,FAT,medium_airport,Fresno Yosemite International Airport,36.77619934082031,-119.71800231933594,336.0,US-CA,Fresno,KFAT,,http://en.wikipedia.org/wiki/Fresno_Yosemite_International_Airport
339,FAY,medium_airport,Fayetteville Regional Grannis Field,34.991199493408196,-78.88030242919922,189.0,US-NC,Fayetteville,KFAY,,http://en.wikipedia.org/wiki/Fayetteville_Regional_Airport
345,FLG,medium_airport,Flagstaff Pulliam Airport,35.13850021,-111.6709976,7014.0,US-AZ,Flagstaff,KFLG,,http://en.wikipedia.org/wiki/Flagstaff_Pulliam_Airport
350,FNT,medium_airport,Bishop International Airport,42.96540069580078,-83.74359893798828,782.0,US-MI,Flint,KFNT,,http://en.wikipedia.org/wiki/Bishop_International_Airport
356,FSD,medium_airport,Joe Foss Field Airport,43.5820007324,-96.741897583,1429.0,US-SD,Sioux Falls,KFSD,http://www.sfairport.com/,http://en.wikipedia.org/wiki/Sioux_Falls_Regional_Airport
363,GCC,medium_airport,Gillette Campbell County Airport,44.3488998413,-105.539001465,4365.0,US-WY,Gillette,KGCC,http://www.iflygillette.com/,http://en.wikipedia.org/wiki/Gillette%E2%80%93Campbell_County_Airport
364,GCK,medium_airport,Garden City Regional Airport,37.9275016785,-100.72399902299999,2891.0,US-KS,Garden City,KGCK,,http://en.wikipedia.org/wiki/Garden_City_Regional_Airport
367,GFK,medium_airport,Grand Forks International Airport,47.949299,-97.176102,845.0,US-ND,Grand Forks,KGFK,http://www.gfkairport.com/,http://en.wikipedia.org/wiki/Grand_Forks_International_Airport
369,GGG,medium_airport,East Texas Regional Airport,32.38399887084961,-94.71150207519531,365.0,US-TX,Longview,KGGG,,http://en.wikipedia.org/wiki/East_Texas_Regional_Airport
371,GJT,medium_airport,Grand Junction Regional Airport,39.1223983765,-108.527000427,4858.0,US-CO,Grand Junction,KGJT,http://www.gjairport.com/,http://en.wikipedia.org/wiki/Grand_Junction_Regional_Airport
376,GNV,medium_airport,Gainesville Regional Airport,29.6900997162,-82.27179718020001,152.0,US-FL,Gainesville,KGNV,,http://en.wikipedia.org/wiki/Gainesville_Regional_Airport
378,FCA,medium_airport,Glacier Park International Airport,48.31050109863281,-114.25599670410156,2977.0,US-MT,Kalispell,KGPI,http://www.iflyglacier.com/,http://en.wikipedia.org/wiki/Glacier_Park_International_Airport
380,GRI,medium_airport,Central Nebraska Regional Airport,40.96749877929688,-98.30960083007812,1847.0,US-NE,Grand Island,KGRI,,http://en.wikipedia.org/wiki/Central_Nebraska_Regional_Airport
381,GRK,medium_airport,Robert Gray  Army Air Field Airport,31.067199706999997,-97.8289031982,1015.0,US-TX,Fort Hood/Killeen,KGRK,,http://en.wikipedia.org/wiki/Killeen-Fort_Hood_Regional_Airport
382,GRR,medium_airport,Gerald R. Ford International Airport,42.88079834,-85.52279663,794.0,US-MI,Grand Rapids,KGRR,,http://en.wikipedia.org/wiki/Gerald_R._Ford_International_Airport
383,GTF,medium_airport,Great Falls International Airport,47.48199844,-111.3710022,3680.0,US-MT,Great Falls,KGTF,,http://en.wikipedia.org/wiki/Great_Falls_International_Airport
384,GTR,medium_airport,Golden Triangle Regional Airport,33.450298309299995,-88.59140014649998,264.0,US-MS,Columbus/W Point/Starkville,KGTR,,
398,HLN,medium_airport,Helena Regional Airport,46.6068000793457,-111.98300170898438,3877.0,US-MT,Helena,KHLN,,http://en.wikipedia.org/wiki/Helena_Regional_Airport
400,HOB,medium_airport,Lea County Regional Airport,32.6875,-103.2170029,3661.0,US-NM,Hobbs,KHOB,,http://en.wikipedia.org/wiki/Lea_County_Regional_Airport
404,HPN,medium_airport,Westchester County Airport,41.06700134277344,-73.70760345458984,439.0,US-NY,White Plains,KHPN,,http://en.wikipedia.org/wiki/Westchester_County_Airport
406,HRL,medium_airport,Valley International Airport,26.228500366210927,-97.65440368652344,36.0,US-TX,Harlingen,KHRL,,http://en.wikipedia.org/wiki/Valley_International_Airport
415,HYA,medium_airport,Barnstable Municipal Boardman Polando Field,41.66930008,-70.28040314,54.0,US-MA,Hyannis,KHYA,,http://en.wikipedia.org/wiki/Barnstable_Municipal_Airport
417,HYS,medium_airport,Hays Regional Airport,38.84220123,-99.27320099,1999.0,US-KS,Hays,KHYS,,http://en.wikipedia.org/wiki/Hays_Regional_Airport
419,IAG,medium_airport,Niagara Falls International Airport,43.1072998046875,-78.94619750976562,589.0,US-NY,Niagara Falls,KIAG,,http://en.wikipedia.org/wiki/Niagara_Falls_International_Airport
420,IDA,medium_airport,Idaho Falls Regional Airport,43.514599,-112.070999,4744.0,US-ID,Idaho Falls,KIDA,,http://en.wikipedia.org/wiki/Idaho_Falls_Regional_Airport
423,ILM,medium_airport,Wilmington International Airport,34.27059936523437,-77.90260314941406,32.0,US-NC,Wilmington,KILM,,http://en.wikipedia.org/wiki/Wilmington_International_Airport
426,INL,medium_airport,Falls International Airport,48.566200256347656,-93.4030990600586,1185.0,US-MN,International Falls,KINL,,http://en.wikipedia.org/wiki/Falls_International_Airport
433,ISN,medium_airport,Sloulin Field International Airport,48.177898407,-103.64199829100001,1982.0,US-ND,Williston,KISN,,
435,ISP,medium_airport,Long Island Mac Arthur Airport,40.79520035,-73.10019684,99.0,US-NY,Islip,KISP,,http://en.wikipedia.org/wiki/Long_Island_MacArthur_Airport
436,ITH,medium_airport,Ithaca Tompkins Regional Airport,42.49100112915039,-76.4583969116211,1099.0,US-NY,Ithaca,KITH,,http://en.wikipedia.org/wiki/Ithaca_Tompkins_Regional_Airport
438,JAC,medium_airport,Jackson Hole Airport,43.6072998046875,-110.73799896240234,6451.0,US-WY,Jackson,KJAC,,http://en.wikipedia.org/wiki/Jackson_Hole_Airport
442,JMS,medium_airport,Jamestown Regional Airport,46.92969894,-98.67819977,1500.0,US-ND,Jamestown,KJMS,,http://en.wikipedia.org/wiki/Jamestown_Regional_Airport
448,LAN,medium_airport,Capital City Airport,42.77870178222656,-84.58740234375,861.0,US-MI,Lansing,KLAN,,http://en.wikipedia.org/wiki/Lansing_Capital_City_Airport
449,LAR,medium_airport,Laramie Regional Airport,41.31209945678711,-105.6750030517578,7284.0,US-WY,Laramie,KLAR,,http://en.wikipedia.org/wiki/Laramie_Regional_Airport
450,LAW,medium_airport,Lawton Fort Sill Regional Airport,34.5676994324,-98.4166030884,1110.0,US-OK,Lawton,KLAW,,http://en.wikipedia.org/wiki/Lawton-Fort_Sill_Regional_Airport
451,LBE,medium_airport,Arnold Palmer Regional Airport,40.27590179,-79.40480042,1199.0,US-PA,Latrobe,KLBE,,http://en.wikipedia.org/wiki/Arnold_Palmer_Regional_Airport
456,LCH,medium_airport,Lake Charles Regional Airport,30.12610054016113,-93.22329711914062,15.0,US-LA,Lake Charles,KLCH,,http://en.wikipedia.org/wiki/Lake_Charles_Regional_Airport
460,LGB,medium_airport,Long Beach /Daugherty Field/ Airport,33.81769943,-118.1520004,60.0,US-CA,Long Beach,KLGB,http://www.lgb.org/,http://en.wikipedia.org/wiki/Long_Beach_Airport
464,LNK,medium_airport,Lincoln Airport,40.85100173950195,-96.75920104980469,1219.0,US-NE,Lincoln,KLNK,http://www.lincolnairport.com/,http://en.wikipedia.org/wiki/Lincoln_Airport_%28Nebraska%29
469,LRD,medium_airport,Laredo International Airport,27.543800354003906,-99.46160125732422,508.0,US-TX,Laredo,KLRD,,http://en.wikipedia.org/wiki/Laredo_International_Airport
472,LSE,medium_airport,La Crosse Municipal Airport,43.879002,-91.256699,655.0,US-WI,La Crosse,KLSE,http://www.lseairport.com/,http://en.wikipedia.org/wiki/La_Crosse_Municipal_Airport
480,LWS,medium_airport,Lewiston Nez Perce County Airport,46.3745002746582,-117.01499938964844,1442.0,US-ID,Lewiston,KLWS,,http://en.wikipedia.org/wiki/Lewiston-Nez_Perce_County_Airport
483,MAF,medium_airport,Midland International Airport,31.9424991607666,-102.2020034790039,2871.0,US-TX,Midland,KMAF,,http://en.wikipedia.org/wiki/Midland_International_Airport
492,MDT,medium_airport,Harrisburg International Airport,40.1935005188,-76.7633972168,310.0,US-PA,Harrisburg,KMDT,http://www.flyhia.com/,http://en.wikipedia.org/wiki/Harrisburg_International_Airport
493,MEI,medium_airport,Key Field,32.33259963989258,-88.75189971923828,297.0,US-MS,Meridian,KMEI,,http://en.wikipedia.org/wiki/Meridian_Regional_Airport
496,MFE,medium_airport,Mc Allen Miller International Airport,26.17580032,-98.23860168,107.0,US-TX,Mc Allen,KMFE,,http://en.wikipedia.org/wiki/McAllen-Miller_International_Airport
497,MFR,medium_airport,Rogue Valley International Medford Airport,42.37419891357422,-122.8730010986328,1335.0,US-OR,Medford,KMFR,,http://en.wikipedia.org/wiki/Rogue_Valley_International-Medford_Airport
504,MLB,medium_airport,Melbourne International Airport,28.10280036926269,-80.64530181884766,33.0,US-FL,Melbourne,KMLB,,http://en.wikipedia.org/wiki/Melbourne_International_Airport
509,MOT,medium_airport,Minot International Airport,48.2593994140625,-101.27999877929688,1716.0,US-ND,Minot,KMOT,,http://en.wikipedia.org/wiki/Minot_International_Airport
513,MRY,medium_airport,Monterey Peninsula Airport,36.58700180053711,-121.84300231933594,257.0,US-CA,Monterey,KMRY,,http://en.wikipedia.org/wiki/Monterey_Peninsula_Airport
515,MSO,medium_airport,Missoula International Airport,46.91630173,-114.0910034,3206.0,US-MT,Missoula,KMSO,,http://en.wikipedia.org/wiki/Missoula_International_Airport
518,MTJ,medium_airport,Montrose Regional Airport,38.5097999573,-107.89399719200001,5759.0,US-CO,Montrose,KMTJ,,
521,MYR,medium_airport,Myrtle Beach International Airport,33.6796989441,-78.9282989502,25.0,US-SC,Myrtle Beach,KMYR,,http://en.wikipedia.org/wiki/Myrtle_Beach_International_Airport
538,YUM,medium_airport,Yuma MCAS/Yuma International Airport,32.65660095,-114.6060028,213.0,US-AZ,Yuma,KNYL,,http://en.wikipedia.org/wiki/Yuma_International_Airport
540,OAJ,medium_airport,Albert J Ellis Airport,34.8292007446,-77.61209869380002,94.0,US-NC,Jacksonville,KOAJ,,
547,OMA,medium_airport,Eppley Airfield,41.303199768066406,-95.89409637451172,984.0,US-NE,Omaha,KOMA,,http://en.wikipedia.org/wiki/Eppley_Airfield
549,ORH,medium_airport,Worcester Regional Airport,42.26729965209961,-71.87570190429688,1009.0,US-MA,Worcester,KORH,,http://en.wikipedia.org/wiki/Worcester-Metrowest-Boston_Airport
552,OTH,medium_airport,Southwest Oregon Regional Airport,43.41709899902344,-124.24600219726562,17.0,US-OR,North Bend,KOTH,,http://en.wikipedia.org/wiki/Southwest_Oregon_Regional_Airport
559,PAH,medium_airport,Barkley Regional Airport,37.06079864501953,-88.7738037109375,410.0,US-KY,Paducah,KPAH,,http://en.wikipedia.org/wiki/Barkley_Regional_Airport
561,PBG,medium_airport,Plattsburgh International Airport,44.6509017944336,-73.46810150146484,234.0,US-NY,Plattsburgh,KPBG,http://www.plattsburghinternationalairport.com/,http://en.wikipedia.org/wiki/Plattsburgh_International_Airport
566,PIB,medium_airport,Hattiesburg Laurel Regional Airport,31.467100143432607,-89.33709716796875,298.0,US-MS,Hattiesburg/Laurel,KPIB,,http://en.wikipedia.org/wiki/Hattiesburg-Laurel_Regional_Airport
568,PIH,medium_airport,Pocatello Regional Airport,42.9098014831543,-112.59600067138672,4452.0,US-ID,Pocatello,KPIH,,http://en.wikipedia.org/wiki/Pocatello_Regional_Airport
571,PLN,medium_airport,Pellston Regional Airport of Emmet County Airport,45.57089996,-84.79669952,721.0,US-MI,Pellston,KPLN,,http://en.wikipedia.org/wiki/Pellston_Regional_Airport
576,PNS,medium_airport,Pensacola Regional Airport,30.473400115967003,-87.18659973144501,121.0,US-FL,Pensacola,KPNS,http://www.flypensacola.com/,http://en.wikipedia.org/wiki/Pensacola_Regional_Airport
584,PSC,medium_airport,Tri Cities Airport,46.26470184326172,-119.11900329589844,410.0,US-WA,Pasco,KPSC,,
586,PSP,medium_airport,Palm Springs International Airport,33.829700469970696,-116.50700378417969,477.0,US-CA,Palm Springs,KPSP,http://www.palmspringsca.gov/index.aspx?page=270,http://en.wikipedia.org/wiki/Palm_Springs_International_Airport
589,PVD,medium_airport,Theodore Francis Green State Airport,41.73260116577149,-71.42040252685547,55.0,US-RI,Providence,KPVD,,http://en.wikipedia.org/wiki/T._F._Green_Airport
594,RAP,medium_airport,Rapid City Regional Airport,44.0452995300293,-103.05699920654295,3204.0,US-SD,Rapid City,KRAP,,http://en.wikipedia.org/wiki/Rapid_City_Regional_Airport
597,RDD,medium_airport,Redding Municipal Airport,40.50899887,-122.2929993,505.0,US-CA,Redding,KRDD,,http://en.wikipedia.org/wiki/Redding_Municipal_Airport
599,RDM,medium_airport,Roberts Field,44.2541008,-121.1500015,3080.0,US-OR,Redmond,KRDM,,http://en.wikipedia.org/wiki/Roberts_Field
601,RHI,medium_airport,Rhinelander Oneida County Airport,45.63119888305664,-89.46749877929688,1624.0,US-WI,Rhinelander,KRHI,,http://en.wikipedia.org/wiki/Rhinelander-Oneida_County_Airport
603,RKS,medium_airport,Rock Springs Sweetwater County Airport,41.59420013,-109.0650024,6764.0,US-WY,Rock Springs,KRKS,,http://en.wikipedia.org/wiki/Rock_Springs_-_Sweetwater_County_Airport
606,ROW,medium_airport,Roswell International Air Center Airport,33.30160140991211,-104.53099822998048,3671.0,US-NM,Roswell,KROW,,http://en.wikipedia.org/wiki/Roswell_International_Air_Center
614,SAF,medium_airport,Santa Fe Municipal Airport,35.617099761999995,-106.08899688700001,6348.0,US-NM,Santa Fe,KSAF,,
615,MQT,medium_airport,Sawyer International Airport,46.3535995483,-87.39540100100002,1221.0,US-MI,Marquette,KSAW,http://www.sawyerairport.com/,http://en.wikipedia.org/wiki/Sawyer_International_Airport
616,SBA,medium_airport,Santa Barbara Municipal Airport,34.42620087,-119.8399963,13.0,US-CA,Santa Barbara,KSBA,,http://en.wikipedia.org/wiki/Santa_Barbara_Airport
618,SBP,medium_airport,San Luis County Regional Airport,35.2368011475,-120.64199829100001,212.0,US-CA,San Luis Obispo,KSBP,http://www.sloairport.com/,http://en.wikipedia.org/wiki/San_Luis_Obispo_County_Regional_Airport
626,UST,medium_airport,Northeast Florida Regional Airport,29.9592,-81.339798,10.0,US-FL,St Augustine,KSGJ,http://www.flynf.com/,http://en.wikipedia.org/wiki/St._Augustine_Airport
628,SGU,medium_airport,St George Municipal Airport,37.036389,-113.510306,2941.0,US-UT,St George,KSGU,http://www.sgcity.org/departments/publicworks/airport/,http://en.wikipedia.org/wiki/St._George_Municipal_Airport
630,SJT,medium_airport,San Angelo Regional Mathis Field,31.35770034790039,-100.49600219726562,1919.0,US-TX,San Angelo,KSJT,,http://en.wikipedia.org/wiki/San_Angelo_Regional_Airport
637,SMX,medium_airport,Santa Maria Pub/Capt G Allan Hancock Field,34.89889908,-120.4570007,261.0,US-CA,Santa Maria,KSMX,,http://en.wikipedia.org/wiki/Santa_Maria_Public_Airport
647,SUN,medium_airport,Friedman Memorial Airport,43.50439835,-114.2959976,5318.0,US-ID,Hailey,KSUN,,http://en.wikipedia.org/wiki/Friedman_Memorial_Airport
649,SWF,medium_airport,Stewart International Airport,41.50410079956055,-74.10479736328125,491.0,US-NY,Newburgh,KSWF,,http://en.wikipedia.org/wiki/Stewart_International_Airport
666,TTN,medium_airport,Trenton Mercer Airport,40.27669906616211,-74.8134994506836,213.0,US-NJ,Trenton,KTTN,,http://en.wikipedia.org/wiki/Trenton-Mercer_Airport
668,TVC,medium_airport,Cherry Capital Airport,44.74140167236328,-85.58219909667969,624.0,US-MI,Traverse City,KTVC,,http://en.wikipedia.org/wiki/Cherry_Capital_Airport
670,TWF,medium_airport,Joslin Field Magic Valley Regional Airport,42.48180008,-114.487999,4154.0,US-ID,Twin Falls,KTWF,,http://en.wikipedia.org/wiki/Magic_Valley_Regional_Airport
671,TXK,medium_airport,Texarkana Regional Webb Field,33.45370101928711,-93.99099731445312,390.0,US-AR,Texarkana,KTXK,,http://en.wikipedia.org/wiki/Texarkana_Regional_Airport
672,TYR,medium_airport,Tyler Pounds Regional Airport,32.35409927368164,-95.40239715576172,544.0,US-TX,Tyler,KTYR,,http://en.wikipedia.org/wiki/Tyler_Pounds_Regional_Airport
675,SCE,medium_airport,University Park Airport,40.8493003845,-77.84870147710002,1239.0,US-PA,State College,KUNV,http://universityparkairport.com/,http://en.wikipedia.org/wiki/University_Park_Airport
682,VLD,medium_airport,Valdosta Regional Airport,30.78249931335449,-83.27670288085938,203.0,US-GA,Valdosta,KVLD,,http://en.wikipedia.org/wiki/Valdosta_Regional_Airport
694,WYS,medium_airport,Yellowstone Airport,44.68840027,-111.1179962,6649.0,US-MT,West Yellowstone,KWYS,,http://en.wikipedia.org/wiki/Yellowstone_Airport
695,XNA,medium_airport,Northwest Arkansas Regional Airport,36.281898,-94.306801,1287.0,US-AR,Fayetteville/Springdale,KXNA,http://www.flyxna.com/,https://en.wikipedia.org/wiki/Northwest_Arkansas_Regional_Airport
703,BET,medium_airport,Bethel Airport,60.77980042,-161.8379974,126.0,US-AK,Bethel,PABE,,http://en.wikipedia.org/wiki/Bethel_Airport
706,BRW,medium_airport,Wiley Post Will Rogers Memorial Airport,71.285402,-156.766008,44.0,US-AK,Utqiaġvik,PABR,,http://en.wikipedia.org/wiki/Wiley_Post-Will_Rogers_Memorial_Airport
710,CDV,medium_airport,Merle K (Mudhole) Smith Airport,60.49179839999999,-145.4779968,54.0,US-AK,Cordova,PACV,,http://en.wikipedia.org/wiki/Merle_K._(Mudhole)_Smith_Airport
713,ADK,medium_airport,Adak Airport,51.87799835205078,-176.64599609375,18.0,US-AK,Adak Island,PADK,,http://en.wikipedia.org/wiki/Adak_Airport
714,DLG,medium_airport,Dillingham Airport,59.04470062,-158.50500490000005,81.0,US-AK,Dillingham,PADL,,http://en.wikipedia.org/wiki/Dillingham_Airport
716,ADQ,medium_airport,Kodiak Airport,57.75,-152.4940033,78.0,US-AK,Kodiak,PADQ,,http://en.wikipedia.org/wiki/Kodiak_Airport
728,GST,medium_airport,Gustavus Airport,58.42530060000001,-135.7070007,35.0,US-AK,Gustavus,PAGS,,http://en.wikipedia.org/wiki/Gustavus_Airport
738,JNU,medium_airport,Juneau International Airport,58.35499954223633,-134.57600402832028,21.0,US-AK,Juneau,PAJN,,http://en.wikipedia.org/wiki/Juneau_International_Airport
739,AKN,medium_airport,King Salmon Airport,58.67679977,-156.6490021,73.0,US-AK,King Salmon,PAKN,,http://en.wikipedia.org/wiki/King_Salmon_Airport
741,KTN,medium_airport,Ketchikan International Airport,55.35559845,-131.7140045,89.0,US-AK,Ketchikan,PAKT,,http://en.wikipedia.org/wiki/Ketchikan_International_Airport
751,OME,medium_airport,Nome Airport,64.51219940185547,-165.44500732421875,37.0,US-AK,Nome,PAOM,,http://en.wikipedia.org/wiki/Nome_Airport
753,OTZ,medium_airport,Ralph Wien Memorial Airport,66.88469696,-162.598999,14.0,US-AK,Kotzebue,PAOT,,http://en.wikipedia.org/wiki/Ralph_Wien_Memorial_Airport
756,PSG,medium_airport,Petersburg James A Johnson Airport,56.80170059,-132.9450073,111.0,US-AK,Petersburg,PAPG,,http://en.wikipedia.org/wiki/Petersburg_James_A._Johnson_Airport
763,SCC,medium_airport,Deadhorse Airport,70.19470215,-148.46499630000002,65.0,US-AK,Deadhorse,PASC,,http://en.wikipedia.org/wiki/Deadhorse_Airport
766,SIT,medium_airport,Sitka Rocky Gutierrez Airport,57.04710006713867,-135.36199951171878,21.0,US-AK,Sitka,PASI,,http://en.wikipedia.org/wiki/Sitka_Rocky_Gutierrez_Airport
780,WRG,medium_airport,Wrangell Airport,56.48429871,-132.36999509999998,49.0,US-AK,Wrangell,PAWG,,http://en.wikipedia.org/wiki/Wrangell_Airport
784,YAK,medium_airport,Yakutat Airport,59.503299713100006,-139.660003662,33.0,US-AK,Yakutat,PAYA,,http://en.wikipedia.org/wiki/Yakutat_Airport
792,KOA,medium_airport,Kona International At Keahole Airport,19.738800048828125,-156.04600524902344,47.0,US-HI,Kailua/Kona,PHKO,,http://en.wikipedia.org/wiki/Kona_International_Airport
793,LIH,medium_airport,Lihue Airport,21.97599983215332,-159.33900451660156,153.0,US-HI,Lihue,PHLI,,http://en.wikipedia.org/wiki/Lihu'e_Airport
798,OGG,medium_airport,Kahului Airport,20.8986,-156.429993,54.0,US-HI,Kahului,PHOG,,http://en.wikipedia.org/wiki/Kahului_Airport
800,ITO,medium_airport,Hilo International Airport,19.721399307250977,-155.04800415039062,38.0,US-HI,Hilo,PHTO,,http://en.wikipedia.org/wiki/Hilo_International_Airport
977,ATW,small_airport,Appleton International Airport,44.258098602299995,-88.51909637450001,918.0,US-WI,Appleton,KATW,http://atwairport.com/,http://en.wikipedia.org/wiki/Outagamie_County_Regional_Airport
1127,DRO,small_airport,Durango La Plata County Airport,37.1515007019,-107.75399780299999,6685.0,US-CO,Durango,KDRO,http://www.durangogov.org/airport/index.cfm,http://en.wikipedia.org/wiki/Durango-La_Plata_County_Airport
1135,DVL,small_airport,Devils Lake Regional Airport,48.11420059,-98.90879822,1456.0,US-ND,Devils Lake,KDVL,http://www.devilslakeairport.com/,http://en.wikipedia.org/wiki/Devils_Lake_Regional_Airport
1175,ESC,small_airport,Delta County Airport,45.7226982117,-87.0936965942,609.0,US-MI,Escanaba,KESC,,http://en.wikipedia.org/wiki/Delta_County_Airport
1252,GUC,small_airport,Gunnison Crested Butte Regional Airport,38.53390121,-106.9329987,7680.0,US-CO,Gunnison,KGUC,,http://en.wikipedia.org/wiki/Gunnison-Crested_Butte_Regional_Airport
1267,HDN,small_airport,Yampa Valley Airport,40.48120117,-107.2180023,6606.0,US-CO,Hayden,KHDN,,http://en.wikipedia.org/wiki/Yampa_Valley_Airport
1315,IMT,small_airport,Ford Airport,45.8184013367,-88.11450195309997,1182.0,US-MI,Iron Mountain / Kingsford,KIMT,http://www.fordairport.org/,http://en.wikipedia.org/wiki/Ford_Airport_(Iron_Mountain)
1408,MKG,small_airport,Muskegon County Airport,43.16949844,-86.23819733,629.0,US-MI,Muskegon,KMKG,,http://en.wikipedia.org/wiki/Muskegon_County_Airport
1410,MMH,small_airport,Mammoth Yosemite Airport,37.62409973,-118.83799740000002,7135.0,US-CA,Mammoth Lakes,KMMH,,
1424,MVY,small_airport,Martha's Vineyard Airport,41.393100738499996,-70.6143035889,67.0,US-MA,Martha's Vineyard,KMVY,,http://en.wikipedia.org/wiki/Martha's_Vineyard_Airport
1482,PGD,small_airport,Charlotte County Airport,26.92020035,-81.99050140000001,26.0,US-FL,Punta Gorda,KPGD,http://www.flypgd.com/,https://en.wikipedia.org/wiki/Punta_Gorda_Airport_(Florida)
